{"1": [0.8941176470588236, 0.10196078431372549, 0.10980392156862745], "2": [0.21568627450980393, 0.49411764705882355, 0.7215686274509804], "3": [0.30196078431372547, 0.6862745098039216, 0.2901960784313726], "4": [0.596078431372549, 0.3058823529411765, 0.6392156862745098], "5": [1.0, 0.4980392156862745, 0.0], "6": [1.0, 1.0, 0.2], "7": [0.6509803921568628, 0.33725490196078434, 0.1568627450980392], "8": [0.9686274509803922, 0.5058823529411764, 0.7490196078431373], "9": [0.6, 0.6, 0.6], "10": [0.4, 0.7607843137254902, 0.6470588235294118], "11": [0.9882352941176471, 0.5529411764705883, 0.3843137254901961], "12": [0.5529411764705883, 0.6274509803921569, 0.796078431372549], "13": [0.9058823529411765, 0.5411764705882353, 0.7647058823529411], "14": [0.6509803921568628, 0.8470588235294118, 0.32941176470588235], "15": [1.0, 0.8509803921568627, 0.1843137254901961], "16": [0.8980392156862745, 0.7686274509803922, 0.5803921568627451], "17": [0.7019607843137254, 0.7019607843137254, 0.7019607843137254], "18": [0.5529411764705883, 0.8274509803921568, 0.7803921568627451], "19": [1.0, 1.0, 0.7019607843137254], "20": [0.7450980392156863, 0.7294117647058823, 0.8549019607843137], "21": [0.984313725490196, 0.5019607843137255, 0.4470588235294118], "22": [0.5019607843137255, 0.6941176470588235, 0.8274509803921568], "23": [0.9921568627450981, 0.7058823529411765, 0.3843137254901961], "24": [0.7019607843137254, 0.8705882352941177, 0.4117647058823529], "25": [0.9882352941176471, 0.803921568627451, 0.8980392156862745], "26": [0.8509803921568627, 0.8509803921568627, 0.8509803921568627], "27": [0.7372549019607844, 0.5019607843137255, 0.7411764705882353], "28": [0.8, 0.9215686274509803, 0.7725490196078432], "29": [1.0, 0.9294117647058824, 0.43529411764705883], "30": [0.10588235294117647, 0.6196078431372549, 0.4666666666666667], "31": [0.8509803921568627, 0.37254901960784315, 0.00784313725490196], "32": [0.4588235294117647, 0.4392156862745098, 0.7019607843137254], "33": [0.9058823529411765, 0.1607843137254902, 0.5411764705882353], "34": [0.4, 0.6509803921568628, 0.11764705882352941]}